game_title,genre,platform,record_date,revenue_mil,wau_k,mau_k
Game_G,Action,Cross-Platform,2026-08-01,46.05,145.2,436.4
Game_T,Casual,Mobile-Only,2026-08-02,58.02,118.8,459.5
Game_O,RPG,Cross-Platform,2026-08-03,78.59,106.7,272.7
Game_K,RPG,Mobile-Only,2026-08-04,53.41,122.5,450.9
Game_H,Sports,Cross-Platform,2026-08-05,47.08,114.3,380.4
Game_G,Strategy,Mobile-Only,2026-08-06,71.3,129.4,329.3
Game_S,Strategy,Cross-Platform,2026-08-07,56.91,84.2,348.1
Game_K,Casual,Cross-Platform,2026-08-08,58.79,128.3,464.1
Game_K,Action,Cross-Platform,2026-08-09,27.15,98.5,421.9
Game_D,Action,Mobile-Only,2026-08-10,68.09,147.2,404.0
Game_H,RPG,Cross-Platform,2026-08-11,55.63,99.8,419.5
Game_C,Strategy,Mobile-Only,2026-08-12,29.43,100.3,474.2
Game_B,Action,Cross-Platform,2026-08-13,57.28,133.4,392.2
Game_L,RPG,Cross-Platform,2026-08-14,19.06,120.4,404.3
Game_F,,Mobile-Only,2026-08-15,85.13,188.3,491.1
Game_B,Sports,Cross-Platform,2026-08-16,350.0,71.1,373.5
Game_A,Strategy,Cross-Platform,2026-08-17,74.18,123.3,449.5
Game_L,RPG,Cross-Platform,2026-08-18,37.81,153.9,359.7
Game_L,Sports,Cross-Platform,2026-08-19,58.4,102.7,366.7
Game_Q,Sports,Mobile-Only,2026-08-20,36.32,92.7,391.7
Game_J,Strategy,Cross-Platform,2026-08-21,64.96,93.9,441.2
Game_P,Casual,Cross-Platform,2026-08-22,46.47,71.6,495.5
Game_O,RPG,Cross-Platform,2026-08-23,57.02,,407.7
Game_O,RPG,Mobile-Only,2026-08-24,50.23,110.1,280.0
Game_S,Action,Cross-Platform,2026-08-25,29.52,106.6,450.5
Game_L,Casual,Cross-Platform,2026-08-26,57.56,56.3,596.3
Game_T,Casual,Mobile-Only,2026-08-27,42.45,77.0,408.7
Game_C,Strategy,Mobile-Only,2026-08-28,65.68,,263.3
Game_E,Casual,Cross-Platform,2026-08-29,46.46,,413.6
Game_S,Casual,Cross-Platform,2026-08-30,48.85,155.0,399.8
Game_G,Sports,Cross-Platform,2026-08-31,75.24,151.2,393.0
Game_I,,Cross-Platform,2026-09-01,85.72,90.0,475.6
Game_G,Action,Cross-Platform,2026-09-02,61.79,192.9,510.3
Game_R,Strategy,Cross-Platform,2026-09-03,45.69,178.5,454.7
Game_D,Strategy,Cross-Platform,2026-09-04,44.38,103.1,389.4
Game_N,Sports,Cross-Platform,2026-09-05,37.72,13.0,490.1
Game_R,Sports,Mobile-Only,2026-09-06,40.62,109.3,280.5
Game_I,RPG,Mobile-Only,2026-09-07,45.9,127.1,342.7
Game_B,RPG,Cross-Platform,2026-09-08,79.46,103.0,351.6
Game_T,Strategy,Mobile-Only,2026-09-09,47.04,113.4,397.5
Game_O,Strategy,Mobile-Only,2026-09-10,31.61,95.1,440.5
Game_G,Sports,Cross-Platform,2026-09-11,50.62,147.6,383.9
Game_L,RPG,Cross-Platform,2026-09-12,52.67,121.9,2500.0
Game_H,RPG,Cross-Platform,2026-09-13,50.53,148.5,478.0
Game_O,Strategy,Cross-Platform,2026-09-14,62.0,156.7,381.2
Game_C,RPG,Mobile-Only,2026-09-15,51.04,54.8,408.2
Game_N,Strategy,Cross-Platform,2026-09-16,61.53,96.9,444.1
Game_Q,,Cross-Platform,2026-09-17,38.29,101.3,403.1
Game_D,Action,Mobile-Only,2026-09-18,76.71,197.1,403.5
Game_R,RPG,Mobile-Only,2026-09-19,53.79,124.5,482.4
Game_H,Strategy,Cross-Platform,2026-09-20,56.0,144.4,412.1
Game_D,Strategy,Mobile-Only,2026-09-21,38.23,63.6,469.0
Game_B,Action,Mobile-Only,2026-09-22,57.08,,443.6
Game_F,RPG,Mobile-Only,2026-09-23,59.77,149.3,561.4
Game_J,Strategy,Cross-Platform,2026-09-24,32.45,145.9,432.8
Game_D,Sports,Mobile-Only,2026-09-25,25.11,138.7,451.0
Game_R,Strategy,Cross-Platform,2026-09-26,54.4,120.4,488.1
Game_L,,Mobile-Only,2026-09-27,42.67,121.8,405.1
Game_B,Strategy,Mobile-Only,2026-09-28,53.9,69.2,349.0
Game_J,Strategy,Mobile-Only,2026-09-29,30.63,93.0,362.1
Game_D,Action,Mobile-Only,2026-09-30,26.59,126.9,362.8
Game_N,Action,Mobile-Only,2026-10-01,53.1,98.5,324.0
Game_P,Casual,Mobile-Only,2026-10-02,44.75,140.7,425.4
Game_O,RPG,Cross-Platform,2026-10-03,18.34,134.0,349.6
Game_H,Strategy,Cross-Platform,2026-10-04,70.15,161.0,415.6
Game_N,Strategy,Cross-Platform,2026-10-05,30.39,148.7,387.3
Game_H,Action,Mobile-Only,2026-10-06,88.6,,396.7
Game_P,RPG,Cross-Platform,2026-10-07,40.64,142.4,444.5
Game_M,Sports,Cross-Platform,2026-10-08,56.02,150.2,356.6
Game_R,Strategy,Cross-Platform,2026-10-09,74.7,104.8,451.1
Game_O,RPG,Cross-Platform,2026-10-10,72.19,110.1,525.4
Game_M,Casual,Mobile-Only,2026-10-11,79.79,117.1,427.4
Game_I,Action,Mobile-Only,2026-10-12,27.15,,337.4
Game_O,Sports,Cross-Platform,2026-10-13,32.96,150.5,350.8
Game_M,RPG,Mobile-Only,2026-10-14,53.39,101.2,380.1
Game_A,Strategy,Cross-Platform,2026-10-15,62.6,157.5,352.4
Game_G,,Cross-Platform,2026-10-16,49.83,109.0,320.7
Game_I,Sports,Mobile-Only,2026-10-17,25.43,134.2,412.4
Game_A,RPG,Cross-Platform,2026-10-18,57.45,125.0,382.3
Game_L,RPG,Cross-Platform,2026-10-19,47.09,90.7,415.2
Game_H,RPG,Mobile-Only,2026-10-20,46.91,119.4,494.9
Game_K,RPG,Cross-Platform,2026-10-21,15.83,130.0,381.1
Game_S,Strategy,Cross-Platform,2026-10-22,61.96,118.1,305.2
Game_Q,Strategy,Cross-Platform,2026-10-23,52.18,79.7,368.1
Game_H,Strategy,Cross-Platform,2026-10-24,76.93,171.0,461.6
Game_C,Casual,Cross-Platform,2026-10-25,48.88,122.6,454.1
Game_C,Sports,Cross-Platform,2026-10-26,58.5,96.2,441.5
Game_A,RPG,Mobile-Only,2026-10-27,62.48,168.6,350.0
Game_E,RPG,Mobile-Only,2026-10-28,420.0,138.5,460.2
Game_J,Action,Mobile-Only,2026-10-29,89.25,84.0,478.2
Game_G,Strategy,Mobile-Only,2026-10-30,43.54,88.7,344.4
Game_I,RPG,Mobile-Only,2026-10-31,57.42,113.3,396.7
Game_G,RPG,Cross-Platform,2026-11-01,59.61,128.9,561.6
Game_I,RPG,Cross-Platform,2026-11-02,37.78,138.7,340.8
Game_H,,Cross-Platform,2026-11-03,77.7,148.5,263.6
Game_L,RPG,Cross-Platform,2026-11-04,53.99,136.2,510.6
Game_B,Action,Cross-Platform,2026-11-05,46.8,160.4,490.9
Game_A,Strategy,Cross-Platform,2026-11-06,52.08,123.8,363.4
Game_P,RPG,Mobile-Only,2026-11-07,61.46,97.2,391.0
Game_E,Strategy,Mobile-Only,2026-11-08,50.16,119.9,302.0
Game_C,RPG,Cross-Platform,2026-11-09,63.23,117.9,407.1
Game_L,Action,Cross-Platform,2026-11-10,24.73,42.7,493.3
Game_H,RPG,Cross-Platform,2026-11-11,38.78,103.2,356.6
Game_C,RPG,Mobile-Only,2026-11-12,17.92,129.4,470.2
Game_A,Action,Mobile-Only,2026-11-13,79.96,107.3,437.1
Game_C,RPG,Cross-Platform,2026-11-14,79.76,100.6,446.2
Game_E,RPG,Mobile-Only,2026-11-15,59.4,147.3,361.3
Game_O,Strategy,Cross-Platform,2026-11-16,34.81,92.5,371.6
Game_N,RPG,Cross-Platform,2026-11-17,85.85,141.3,252.3
Game_C,Casual,Cross-Platform,2026-11-18,40.93,80.0,354.7
Game_A,RPG,Cross-Platform,2026-11-19,46.8,202.8,493.1
Game_E,Strategy,Mobile-Only,2026-11-20,52.39,113.5,325.7
Game_N,Strategy,Mobile-Only,2026-11-21,56.77,110.3,337.6
Game_G,Action,Cross-Platform,2026-11-22,59.66,154.3,451.2
Game_I,RPG,Mobile-Only,2026-11-23,60.26,107.4,432.2
Game_O,RPG,Mobile-Only,2026-11-24,47.83,163.6,455.2
Game_O,Sports,Mobile-Only,2026-11-25,60.02,131.1,306.9
Game_J,Casual,Cross-Platform,2026-11-26,47.16,,605.1
Game_M,Casual,Cross-Platform,2026-11-27,58.69,113.2,302.7
Game_S,RPG,Cross-Platform,2026-11-28,57.46,156.2,412.3
Game_G,,Cross-Platform,2026-11-29,61.44,126.9,387.3
Game_Q,RPG,Cross-Platform,2026-11-30,59.57,133.0,305.1
Game_T,Strategy,Mobile-Only,2026-12-01,43.36,136.2,370.4
Game_D,RPG,Cross-Platform,2026-12-02,56.88,124.0,401.9
Game_E,Casual,Cross-Platform,2026-12-03,59.8,135.6,348.0
Game_G,RPG,Cross-Platform,2026-12-04,30.63,116.5,475.0
Game_M,Sports,Cross-Platform,2026-12-05,45.89,118.5,387.1
Game_O,Strategy,Cross-Platform,2026-12-06,59.12,86.4,292.7
Game_K,Casual,Cross-Platform,2026-12-07,75.64,128.9,285.9
Game_D,RPG,Cross-Platform,2026-12-08,62.37,68.4,448.5
Game_M,Strategy,Cross-Platform,2026-12-09,76.59,128.5,281.1
Game_G,,Cross-Platform,2026-12-10,44.02,111.6,425.3
Game_S,RPG,Mobile-Only,2026-12-11,53.75,131.2,435.6
Game_B,RPG,Cross-Platform,2026-12-12,62.09,88.5,320.4
Game_J,Sports,Cross-Platform,2026-12-13,15.1,56.4,471.3
Game_M,Action,Cross-Platform,2026-12-14,72.66,109.5,262.6
Game_F,RPG,Mobile-Only,2026-12-15,22.09,88.6,423.7
Game_L,Strategy,Cross-Platform,2026-12-16,64.95,66.6,396.7
Game_L,Strategy,Cross-Platform,2026-12-17,60.3,143.0,390.5
Game_T,Action,Mobile-Only,2026-12-18,14.91,168.0,305.8
Game_K,RPG,Cross-Platform,2026-12-19,15.66,96.1,325.0
Game_G,RPG,Mobile-Only,2026-12-20,71.49,117.7,529.5
Game_A,RPG,Cross-Platform,2026-12-21,68.22,110.8,497.2
Game_A,Strategy,Cross-Platform,2026-12-22,36.79,100.2,459.4
Game_T,Action,Cross-Platform,2026-12-23,36.77,139.9,475.2
Game_M,RPG,Mobile-Only,2026-12-24,57.69,150.3,467.7
Game_I,Sports,Cross-Platform,2026-12-25,49.81,93.9,374.1
Game_C,Strategy,Mobile-Only,2026-12-26,65.82,121.3,403.8
Game_G,RPG,Cross-Platform,2026-12-27,57.19,158.5,282.2
Game_F,RPG,Mobile-Only,2026-12-28,73.75,140.7,392.8
Game_H,RPG,Cross-Platform,2026-12-29,64.55,145.1,494.7
Game_I,Sports,Mobile-Only,2026-12-30,60.81,161.0,347.1
Game_E,Action,Cross-Platform,2026-12-31,44.72,160.6,481.9
Game_A,Strategy,Cross-Platform,2027-01-01,43.62,150.9,407.3
Game_S,Action,Cross-Platform,2027-01-02,49.22,,289.2
Game_J,,Cross-Platform,2027-01-03,77.61,108.5,311.4
Game_L,Action,Cross-Platform,2027-01-04,43.91,123.1,473.5
Game_O,RPG,Cross-Platform,2027-01-05,53.91,104.0,444.2
Game_I,Strategy,Mobile-Only,2027-01-06,16.33,61.4,408.1
Game_T,RPG,Cross-Platform,2027-01-07,60.14,111.6,378.1
Game_Q,RPG,Mobile-Only,2027-01-08,83.86,130.7,416.8
Game_Q,RPG,Mobile-Only,2027-01-09,36.0,102.4,470.4
Game_T,RPG,Cross-Platform,2027-01-10,97.62,114.2,518.1
Game_L,RPG,Mobile-Only,2027-01-11,52.73,115.4,521.9
Game_G,RPG,Mobile-Only,2027-01-12,11.41,160.7,429.8
Game_B,Sports,Cross-Platform,2027-01-13,44.22,109.2,386.2
Game_C,RPG,Cross-Platform,2027-01-14,69.96,160.7,411.7
Game_Q,RPG,Cross-Platform,2027-01-15,79.99,38.6,441.8
Game_E,Action,Cross-Platform,2027-01-16,60.77,160.4,441.4
Game_Q,Casual,Cross-Platform,2027-01-17,73.51,158.9,504.6
Game_Q,RPG,Cross-Platform,2027-01-18,32.33,147.1,569.3
Game_Q,Strategy,Mobile-Only,2027-01-19,39.8,59.6,383.6
Game_B,Action,Mobile-Only,2027-01-20,24.81,150.6,572.5
Game_B,RPG,Cross-Platform,2027-01-21,40.92,118.5,493.8
Game_E,Sports,Cross-Platform,2027-01-22,61.43,44.1,391.9
Game_A,Casual,Cross-Platform,2027-01-23,53.19,158.9,519.9
Game_A,RPG,Cross-Platform,2027-01-24,63.02,163.3,534.9
Game_S,,Cross-Platform,2027-01-25,35.95,62.9,363.2
Game_B,Sports,Mobile-Only,2027-01-26,36.87,125.3,538.6
Game_L,Strategy,Cross-Platform,2027-01-27,53.07,161.7,486.0
Game_F,Strategy,Mobile-Only,2027-01-28,40.96,156.9,589.5
Game_D,Action,Mobile-Only,2027-01-29,69.53,145.1,366.1
Game_K,Action,Cross-Platform,2027-01-30,40.59,40.6,371.7
Game_Q,Sports,Mobile-Only,2027-01-31,42.57,141.9,237.9
Game_F,Sports,Cross-Platform,2027-02-01,56.28,113.5,445.7
Game_E,Casual,Cross-Platform,2027-02-02,44.16,149.9,430.0
Game_T,Action,Cross-Platform,2027-02-03,31.48,127.7,355.0
Game_B,Casual,Mobile-Only,2027-02-04,33.51,119.4,393.5
Game_F,Action,Mobile-Only,2027-02-05,58.07,139.2,295.1
Game_K,Strategy,Mobile-Only,2027-02-06,29.62,114.8,495.9
Game_P,RPG,Mobile-Only,2027-02-07,70.96,119.3,360.8
Game_P,Casual,Mobile-Only,2027-02-08,39.64,103.3,647.5
Game_A,Casual,Mobile-Only,2027-02-09,59.24,71.8,386.0
Game_I,Action,Mobile-Only,2027-02-10,40.54,137.0,339.2
Game_F,Casual,Mobile-Only,2027-02-11,36.27,95.8,367.0
Game_P,Action,Cross-Platform,2027-02-12,53.69,114.0,287.0
Game_C,RPG,Cross-Platform,2027-02-13,65.78,128.6,438.6
Game_T,RPG,Mobile-Only,2027-02-14,46.29,57.4,366.4
Game_D,RPG,Cross-Platform,2027-02-15,49.02,64.2,490.5
Game_S,Strategy,Cross-Platform,2027-02-16,62.11,111.0,378.0
